filename, Jesse, Michael, Mila, Sarah
img_74_png.rf.0d4c706d0c94fe8da26c4b8c75f2eb34.jpg, 0, 0, 1, 0
img_15_png.rf.01c7e0692a96e325fd208b23d0eb706b.jpg, 0, 1, 0, 0
img_58_png.rf.0fe20d8ef23c6333d61bb7374d49f891.jpg, 0, 0, 0, 1
img_17_png.rf.16ab35276f1fda7ee0eaca619d213ed2.jpg, 1, 0, 0, 0
img_0_png.rf.1054fc3d1389295278e28f9592ce1fec.jpg, 0, 0, 1, 0
img_36_png.rf.0ad186cc34f69e3a6c03d940b47f14ea.jpg, 0, 0, 0, 1
img_30_png.rf.0c1854e32664b948d37157df20eac3ce.jpg, 0, 0, 1, 0
img_17_png.rf.0a0b8bae50eac260c2ad740ab295cd49.jpg, 1, 0, 0, 0
img_28_png.rf.13c06aa818edf7303eff071a081f3280.jpg, 0, 0, 1, 0
img_13_png.rf.0fb76caa699a07ad5b3af2c18b74be9a.jpg, 1, 0, 0, 0
img_2_png.rf.1677119624b3d1f5e5241b00b198f427.jpg, 0, 1, 0, 0
img_23_png.rf.0ddc8c50215e83db0e717fca9a992e59.jpg, 1, 0, 0, 0
img_20_png.rf.10a45dcda1ca47427fcae56cfdf9f997.jpg, 1, 0, 0, 0
img_22_png.rf.110d6395497f780873e9a4ef3eaa83aa.jpg, 1, 0, 0, 0
img_63_png.rf.11f3b4ba86c9ffd60cbacc7ef76446ad.jpg, 0, 0, 0, 1
img_58_png.rf.03ebad62c3c725ba7a25c40927a436a1.jpg, 0, 0, 0, 1
img_79_png.rf.17848b26486af26e910ea795382acc4a.jpg, 0, 1, 0, 0
img_69_png.rf.18b3a92fbc041aa3fd6884bb5c214a75.jpg, 1, 0, 0, 0
img_42_png.rf.105d9f8f7a11e489d0acd0ae1a28b46b.jpg, 0, 0, 0, 1
img_71_png.rf.02ac2568383239eaa270af895a1cd764.jpg, 0, 1, 0, 0
img_37_png.rf.0d9aef7535b285ce6c48150f51dec2a7.jpg, 0, 0, 1, 0
img_28_png.rf.0c08abe58fe20334f6bd52494fbb9072.jpg, 0, 0, 1, 0
img_20_png.rf.0bd496811d7c4b8cd303f9ad04ad61c7.jpg, 1, 0, 0, 0
img_78_png.rf.0043256acae011499b26a59f4dc1d19c.jpg, 0, 0, 1, 0
img_42_png.rf.1aee1ec28527fa47cabe45eadc4d72ad.jpg, 0, 0, 0, 1
img_77_png.rf.1b33a9d386e7dabd97c34f0f54a8a966.jpg, 0, 0, 1, 0
img_0_png.rf.101bfbe5564da472deea016a326a184a.jpg, 0, 0, 1, 0
img_42_png.rf.1ce71c31cf5eee8dd37af9938c837bde.jpg, 0, 0, 0, 1
img_56_png.rf.21e9da359e22f23d8d3955c0ee62aac1.jpg, 0, 0, 1, 0
img_9_png.rf.1f8abfe6c6e78ebbdce0cd982818974c.jpg, 1, 0, 0, 0
img_25_png.rf.1a852139399f6d5581651c2b687f31aa.jpg, 0, 1, 0, 0
img_45_png.rf.234f20d91aa19d684536b029d9326af5.jpg, 1, 0, 0, 0
img_40_png.rf.2587699df03386d3fcda92b16f91d435.jpg, 0, 0, 1, 0
img_9_png.rf.26f1b27f315f95671bc6f223475b7e65.jpg, 1, 0, 0, 0
img_76_png.rf.275e6d3a7132fa6f240e3f02cf226d07.jpg, 0, 1, 0, 0
img_74_png.rf.1d99c2a347ade33183d59148bba63e4a.jpg, 0, 0, 1, 0
img_31_png.rf.26c72d47ade9b52fac4a61b0d0dcba4e.jpg, 0, 0, 1, 0
img_74_png.rf.2efb500a054eabb5bc428f8ad747fddf.jpg, 0, 0, 1, 0
img_51_png.rf.2343f6b552cd01089974fdabd346e24e.jpg, 0, 0, 1, 0
img_48_png.rf.2d5c3a60860ce502ea0a9e78d7ec93a3.jpg, 1, 0, 0, 0
img_56_png.rf.30f278383fa3a0b62cb922efcebe4076.jpg, 0, 0, 1, 0
img_1_png.rf.346ff2fdeb713901f4f8994fa00c0ec6.jpg, 0, 0, 1, 0
img_11_png.rf.2e7c38c077e01dd199e8025073d9d430.jpg, 0, 0, 0, 1
img_67_png.rf.32d16db22516ae7ddfd3cf629568c24b.jpg, 0, 0, 1, 0
img_35_png.rf.389b7b90b7ef5add31b5ca882bd08693.jpg, 1, 0, 0, 0
img_26_png.rf.34a3d7a1173ad8538eb1ea18b5cd2f27.jpg, 0, 0, 1, 0
img_71_png.rf.39227e2194695fbae98b857d004f7b9b.jpg, 0, 1, 0, 0
img_32_png.rf.3b25992a22696b39c5cc1aa93a8d80ce.jpg, 0, 0, 0, 1
img_64_png.rf.3a0e7e1b6ebb023cd2a9fc7a7307fb3c.jpg, 0, 0, 1, 0
img_71_png.rf.3189237729fdb32f3dff8d08a7487f25.jpg, 0, 1, 0, 0
img_46_png.rf.3b420aebf8e37a7579c022bc620f047d.jpg, 0, 0, 1, 0
img_73_png.rf.3f28288761551590dbef5c02c7cf3608.jpg, 1, 0, 0, 0
img_4_png.rf.3bf514b2115a12df97c4b947af56e0fc.jpg, 0, 1, 0, 0
img_5_png.rf.3f555febe36938a18b86e513c729511e.jpg, 1, 0, 0, 0
img_26_png.rf.448d743e7e73e80036be5d98cb7d00f1.jpg, 0, 0, 1, 0
img_60_png.rf.458e7c97d5d718469c9ca47a568a7b67.jpg, 1, 0, 0, 0
img_10_png.rf.3a577b719aae0c02c206d6eb7d7c0ebd.jpg, 1, 0, 0, 0
img_51_png.rf.3e42aac3f6cfe9e1147b650992b9c9da.jpg, 0, 0, 1, 0
img_6_png.rf.45a4f190eb3fd7edc7914cffbb98d8fc.jpg, 0, 0, 1, 0
img_11_png.rf.4792321f692b5d380b8a45447a5a37ca.jpg, 0, 0, 0, 1
img_25_png.rf.469acdd30249c2bc4229b7e3c2ce1dfe.jpg, 0, 1, 0, 0
img_64_png.rf.4b151dd4af0118f98a9a75eb3c296821.jpg, 0, 0, 1, 0
img_56_png.rf.49a9f197f8c0fa43d78d479bebcb59e1.jpg, 0, 0, 1, 0
img_66_png.rf.42e4640eeaaba52eed84c35e8fe52aa3.jpg, 1, 0, 0, 0
img_48_png.rf.47c2d4e0c061e57da861977b41d887e4.jpg, 1, 0, 0, 0
img_15_png.rf.4b82488612e8543ce54f9bb8a81a837a.jpg, 0, 1, 0, 0
img_19_png.rf.4b85df0683d9da705052e1e419b9721f.jpg, 1, 0, 0, 0
img_23_png.rf.4cb2592c334a0b35076c2da40bb5027a.jpg, 1, 0, 0, 0
img_16_png.rf.4d32de33cc4445b67b645e4924df0c2d.jpg, 0, 1, 0, 0
img_69_png.rf.4dc9ff7a7dc8a5af7f5b89f52fced860.jpg, 1, 0, 0, 0
img_35_png.rf.4f3287aaa43f64bdd9262ec3242df510.jpg, 1, 0, 0, 0
img_21_png.rf.4fef482540c7970abd9f3b322f91d5d7.jpg, 0, 0, 0, 1
img_3_png.rf.53f76ff4edf748c61c200ae58543f674.jpg, 0, 0, 1, 0
img_27_png.rf.550b22d4a8c44b21df4fc8b588a1637b.jpg, 1, 0, 0, 0
img_13_png.rf.55fa99022994136187f64e52b1c30206.jpg, 1, 0, 0, 0
img_40_png.rf.56c638691051f06b2a6c0e0c8342a767.jpg, 0, 0, 1, 0
img_11_png.rf.5ab04b61c2c91495ecfa95150dcd92f3.jpg, 0, 0, 0, 1
img_19_png.rf.53635c0cff4caee984d1c738e387657d.jpg, 1, 0, 0, 0
img_40_png.rf.5cc23833abf6d01fa66ffec6aad98794.jpg, 0, 0, 1, 0
img_4_png.rf.57b21779946567c897a8b267c0f886ce.jpg, 0, 1, 0, 0
img_55_png.rf.600b1592aa0a3c3817e82c9727d84bb8.jpg, 0, 0, 0, 1
img_0_png.rf.5ccba47b505cfae25e94a14f773a6e9d.jpg, 0, 0, 1, 0
img_5_png.rf.57478deb654063353cf289593d6221c2.jpg, 1, 0, 0, 0
img_33_png.rf.5d3d040373f144015e8329ee3854ff84.jpg, 0, 0, 1, 0
img_47_png.rf.5b64076ae626bfee2e9f7dad2738d3c1.jpg, 0, 0, 0, 1
img_72_png.rf.64476dd18abb51548d1d22a50d6fe77d.jpg, 1, 0, 0, 0
img_15_png.rf.6b6d0747225982d7d517af16d19812a1.jpg, 0, 1, 0, 0
img_43_png.rf.676f28abec00062ebf41602f063ae5d3.jpg, 0, 0, 1, 0
img_64_png.rf.6212c2d9ce7f6948adb56966cb213442.jpg, 0, 0, 1, 0
img_6_png.rf.60657a2de85b0020ba248c87d570a4b9.jpg, 0, 0, 1, 0
img_8_png.rf.6eac2c203756fc6d29424926410f6fcf.jpg, 0, 0, 1, 0
img_28_png.rf.6f6554a1183ebb1633329fce1e932a3f.jpg, 0, 0, 1, 0
img_54_png.rf.6a12fc6bfedf9fc54a5305f0353fff8f.jpg, 1, 0, 0, 0
img_47_png.rf.73e96173c6b852e00923dab8bd6bef26.jpg, 0, 0, 0, 1
img_3_png.rf.7165a166c2885486879ad035b3ec000d.jpg, 0, 0, 1, 0
img_60_png.rf.7362ea4389bfe611adfdf8e3e2a1cdcc.jpg, 1, 0, 0, 0
img_13_png.rf.7108ede7afe784704fba530f8645f443.jpg, 1, 0, 0, 0
img_35_png.rf.73e99b7ac1ef7638aa143ce68243afdd.jpg, 1, 0, 0, 0
img_58_png.rf.74002c83250e0d9196e352386c8ec304.jpg, 0, 0, 0, 1
img_77_png.rf.7635584f6f4f883377208055dc10edac.jpg, 0, 0, 1, 0
img_22_png.rf.74c39661873729e58fc0b87efc921e43.jpg, 1, 0, 0, 0
img_21_png.rf.74785b844a3dddfcb07df7913db5a498.jpg, 0, 0, 0, 1
img_31_png.rf.79be7db3be0f5a0fa2a640e9add4cda7.jpg, 0, 0, 1, 0
img_24_png.rf.79d4c4b4f74e1fc3066ea33838ba2ded.jpg, 0, 0, 1, 0
img_73_png.rf.7bbbe412348ce2a8ff1920666924ed81.jpg, 1, 0, 0, 0
img_7_png.rf.7b29cfceb745cb30f793a1707d439ca4.jpg, 1, 0, 0, 0
img_72_png.rf.7e7ffbb39d1786d7c9da3efa79e4f95e.jpg, 1, 0, 0, 0
img_68_png.rf.7c7b35da945205fdec20661bc3e6876d.jpg, 1, 0, 0, 0
img_44_png.rf.7e64a5007c0b8809f0282a3c6edd49e6.jpg, 0, 1, 0, 0
img_68_png.rf.7cdca1fa36fc09efeb394d0365ed214a.jpg, 1, 0, 0, 0
img_3_png.rf.8ae8f3c590a323aaab339f7ac0c079ac.jpg, 0, 0, 1, 0
img_63_png.rf.7fa526c6ebb6bc68097d68aff62a0c45.jpg, 0, 0, 0, 1
img_30_png.rf.8c34ead5938090cf9bfbbc77cf3d91f0.jpg, 0, 0, 1, 0
img_21_png.rf.82d60c9272716f0f62bc682d575443d6.jpg, 0, 0, 0, 1
img_36_png.rf.8b4783334048e0d6c7c93ccb075b239c.jpg, 0, 0, 0, 1
img_46_png.rf.8dfe3fb44d1064ef762634a5f632fad1.jpg, 0, 0, 1, 0
img_67_png.rf.8c7f1e6c968f15d5be748e69736146ea.jpg, 0, 0, 1, 0
img_75_png.rf.8ffebd507a51fe2e5e0163af1cd637bf.jpg, 0, 0, 1, 0
img_36_png.rf.90d84db9cf48585c5ee465ee98f6ca37.jpg, 0, 0, 0, 1
img_55_png.rf.8d5b06c7c6013aea4b2c5367fd9d3c66.jpg, 0, 0, 0, 1
img_48_png.rf.912ede9482f5fce9a6d65801a12ef331.jpg, 1, 0, 0, 0
img_2_png.rf.96eacf4d090da344c4d4d567e601c6b7.jpg, 0, 1, 0, 0
img_75_png.rf.970b934582349a6140e8eb662c90c986.jpg, 0, 0, 1, 0
img_19_png.rf.a0f4ccf822a5251ce20f8978a189eac2.jpg, 1, 0, 0, 0
img_22_png.rf.9fa076582c16789147902dea91457185.jpg, 1, 0, 0, 0
img_77_png.rf.95906f313c44a6f35cda7044b7ed2dc2.jpg, 0, 0, 1, 0
img_27_png.rf.a367df5b08671dd2fc36ffe6b26ae193.jpg, 1, 0, 0, 0
img_7_png.rf.a977b678a706a3dea5208b9ee1579030.jpg, 1, 0, 0, 0
img_45_png.rf.8bca806b41902440437793c536f09dfb.jpg, 1, 0, 0, 0
img_31_png.rf.a2d63b1fd2029b177c20413b953e3652.jpg, 0, 0, 1, 0
img_37_png.rf.a9b4f46f6fd5692f010549dd8fb25c44.jpg, 0, 0, 1, 0
img_63_png.rf.b1285cfb7696ec4c84bd357ca51f2160.jpg, 0, 0, 0, 1
img_14_png.rf.a2bd9d06b37e07f88c7062fb0d7f164f.jpg, 1, 0, 0, 0
img_2_png.rf.a32c6cae3244f27e7352fe01c66c6622.jpg, 0, 1, 0, 0
img_30_png.rf.afcd91e3e33d88a231f83b69031c81ef.jpg, 0, 0, 1, 0
img_44_png.rf.ad238d263893febe5bd3cba51252944b.jpg, 0, 1, 0, 0
img_33_png.rf.b560b12f270867f9e044875561c1d165.jpg, 0, 0, 1, 0
img_8_png.rf.ab7ceffab48f2809d73e0318919a329a.jpg, 0, 0, 1, 0
img_73_png.rf.b5be0bc62fb023689cdc0426dc7b2526.jpg, 1, 0, 0, 0
img_79_png.rf.b44ef96a43d5a518c702c0f053f2041a.jpg, 0, 1, 0, 0
img_38_png.rf.b7da23df0ec4102705ad3cdd069df008.jpg, 0, 0, 1, 0
img_38_png.rf.b9d88b7dedfa3fa23d15080142b3abbc.jpg, 0, 0, 1, 0
img_14_png.rf.b9094938d19b9bc4a215d3ce21be1dc1.jpg, 1, 0, 0, 0
img_10_png.rf.b89b3f08da072aa2dd3be6fbfc9e4c1a.jpg, 1, 0, 0, 0
img_51_png.rf.b59d7bd19a18950e9ca5abecbc2cc3e9.jpg, 0, 0, 1, 0
img_66_png.rf.bbd04755f2e418cc328e081482fc74ea.jpg, 1, 0, 0, 0
img_37_png.rf.ba568ba4a6c41910cbbe66d0595deba8.jpg, 0, 0, 1, 0
img_62_png.rf.bd2e247e68f697dba3fb90c3b4c35f15.jpg, 1, 0, 0, 0
img_78_png.rf.c2a760b54bdc467ef1cfe1edc0d401d3.jpg, 0, 0, 1, 0
img_16_png.rf.c12c52a32a37de30205db4f10dcdbc91.jpg, 0, 1, 0, 0
img_43_png.rf.bb9e626ab4e9b63c58b8ac767a199894.jpg, 0, 0, 1, 0
img_32_png.rf.c177e0908ca5880def2e784fb9c5dc70.jpg, 0, 0, 0, 1
img_33_png.rf.bb73595a37c34b1dee143e35f52613a2.jpg, 0, 0, 1, 0
img_46_png.rf.c1f56570db523f8c80b5be8252968a8b.jpg, 0, 0, 1, 0
img_67_png.rf.c2a6874bb3c49c7aa070733648212fe3.jpg, 0, 0, 1, 0
img_79_png.rf.c68eec650817fe5c2da6ab9d60dbad87.jpg, 0, 1, 0, 0
img_78_png.rf.c5c706535a09f22c381f32b8ae4efe3c.jpg, 0, 0, 1, 0
img_8_png.rf.c755d3409d8f788a896570cd865bdefd.jpg, 0, 0, 1, 0
img_4_png.rf.c1e9a8d9b21d38887ea7d665fc77bf1b.jpg, 0, 1, 0, 0
img_69_png.rf.be23d096ef538ebdeecffaa955564a98.jpg, 1, 0, 0, 0
img_24_png.rf.c873fd9a4ff1c8b17c179c0e319779fd.jpg, 0, 0, 1, 0
img_27_png.rf.c7ecbb7894a58026ff9d1cbdc5a302d1.jpg, 1, 0, 0, 0
img_32_png.rf.c6a80afdc9859741a5cb2d597095def1.jpg, 0, 0, 0, 1
img_9_png.rf.c78da535a9811da6e367e63394e172de.jpg, 1, 0, 0, 0
img_45_png.rf.c7dc533e72b16768864df37ea2206ffe.jpg, 1, 0, 0, 0
img_60_png.rf.d1c2e7a54decee9b269cca909b2aa67e.jpg, 1, 0, 0, 0
img_38_png.rf.d084aa5a15138e245a63ca6548c127a8.jpg, 0, 0, 1, 0
img_6_png.rf.d8573dcbaf19913fcf93faed2eb83e57.jpg, 0, 0, 1, 0
img_47_png.rf.d650e588362ec749e2d0010caad9f9c5.jpg, 0, 0, 0, 1
img_1_png.rf.dc2e22384be426f58d3cb37ff10d4de9.jpg, 0, 0, 1, 0
img_14_png.rf.de4d8956e77e93f06bfbac9dbd5b29b6.jpg, 1, 0, 0, 0
img_23_png.rf.cea375363ae2a70cd3b44cf58ad2ab27.jpg, 1, 0, 0, 0
img_54_png.rf.e65f8799c346aafb6e987287d418defa.jpg, 1, 0, 0, 0
img_20_png.rf.e2a38b33d5817e7c7fe6d70304bf4f8e.jpg, 1, 0, 0, 0
img_7_png.rf.e57c1d78203a1a0b9aad445e1499b498.jpg, 1, 0, 0, 0
img_44_png.rf.e176a70f93b7ea3bde1370aecb5d26ff.jpg, 0, 1, 0, 0
img_5_png.rf.db3a35a437afab486e912893d0376466.jpg, 1, 0, 0, 0
img_72_png.rf.e335d76393a68bed8cae363b2ffe5c92.jpg, 1, 0, 0, 0
img_26_png.rf.ea6379906547c3650c5bf4c7b1f74fbd.jpg, 0, 0, 1, 0
img_66_png.rf.eb3cff3912ad37a026cdda2809d56a1c.jpg, 1, 0, 0, 0
img_43_png.rf.ed9f129bfeea1301586989a1a3bc5235.jpg, 0, 0, 1, 0
img_62_png.rf.f1578b8b0110697a3abc0726c551a7c8.jpg, 1, 0, 0, 0
img_68_png.rf.ec7df87050d98ea5cf6e4086fc82827b.jpg, 1, 0, 0, 0
img_76_png.rf.f2807cdfbe3f0dabd819372f6ec1b50d.jpg, 0, 1, 0, 0
img_1_png.rf.ed14a9304d29d004b94188aecba7d2a4.jpg, 0, 0, 1, 0
img_76_png.rf.ef26f492b005da619d28ac87af5120ee.jpg, 0, 1, 0, 0
img_55_png.rf.ee2390baaef9d52461843e0eccb3050c.jpg, 0, 0, 0, 1
img_25_png.rf.f2ede53158829253ceb27ecc0b155707.jpg, 0, 1, 0, 0
img_24_png.rf.f356aac25afcbb09bb6d1531779d6932.jpg, 0, 0, 1, 0
img_54_png.rf.fa8f719d5e430d2d3b015642346fe9b8.jpg, 1, 0, 0, 0
img_16_png.rf.fdac0057e41e61b4bc211766463c896a.jpg, 0, 1, 0, 0
img_75_png.rf.fc547916bd1c23b10af274d95f1b73c3.jpg, 0, 0, 1, 0
img_17_png.rf.fdd784025f3a47588387b65cc630dcfb.jpg, 1, 0, 0, 0
img_62_png.rf.fc33b811d84b5dd902debfa062c76e3e.jpg, 1, 0, 0, 0
img_10_png.rf.fdfd83b4d9046895d58d054bb421cbdd.jpg, 1, 0, 0, 0